Workbook

Sheet Overview
B2: Frostvale: all game text in English · සිංහල · தமிழ்
B3: Exported from the game source on 23 October 2026. The Sinhala and Tamil text was written by AI: please have native speakers review it.
B5: Area | C5: Lines | D5: Sinhala OK | E5: Tamil OK | F5: Needs change
B6: Game UI | C6: =COUNTIF(Translations!$B$2:$B$306,B6) -> 155 | D6: =COUNTIFS(Translations!$B$2:$B$306,B6,Translations!$J$2:$J$306,"OK") -> 0 | E6: =COUNTIFS(Translations!$B$2:$B$306,B6,Translations!$K$2:$K$306,"OK") -> 0 | F6: =COUNTIFS(Translations!$B$2:$B$306,B6,Translations!$J$2:$J$306,"Needs change")+COUNTIFS(Translations!$B$2:$B$306,B6,Translations!$K$2:$K$306,"Needs change") -> 0
B7: Advent Dice Race | C7: =COUNTIF(Translations!$B$2:$B$306,B7) -> 28 | D7: =COUNTIFS(Translations!$B$2:$B$306,B7,Translations!$J$2:$J$306,"OK") -> 0 | E7: =COUNTIFS(Translations!$B$2:$B$306,B7,Translations!$K$2:$K$306,"OK") -> 0 | F7: =COUNTIFS(Translations!$B$2:$B$306,B7,Translations!$J$2:$J$306,"Needs change")+COUNTIFS(Translations!$B$2:$B$306,B7,Translations!$K$2:$K$306,"Needs change") -> 0
B8: Cookie Catch | C8: =COUNTIF(Translations!$B$2:$B$306,B8) -> 9 | D8: =COUNTIFS(Translations!$B$2:$B$306,B8,Translations!$J$2:$J$306,"OK") -> 0 | E8: =COUNTIFS(Translations!$B$2:$B$306,B8,Translations!$K$2:$K$306,"OK") -> 0 | F8: =COUNTIFS(Translations!$B$2:$B$306,B8,Translations!$J$2:$J$306,"Needs change")+COUNTIFS(Translations!$B$2:$B$306,B8,Translations!$K$2:$K$306,"Needs change") -> 0
B9: Elf Workshop | C9: =COUNTIF(Translations!$B$2:$B$306,B9) -> 31 | D9: =COUNTIFS(Translations!$B$2:$B$306,B9,Translations!$J$2:$J$306,"OK") -> 0 | E9: =COUNTIFS(Translations!$B$2:$B$306,B9,Translations!$K$2:$K$306,"OK") -> 0 | F9: =COUNTIFS(Translations!$B$2:$B$306,B9,Translations!$J$2:$J$306,"Needs change")+COUNTIFS(Translations!$B$2:$B$306,B9,Translations!$K$2:$K$306,"Needs change") -> 0
B10: Krampus' Cellar | C10: =COUNTIF(Translations!$B$2:$B$306,B10) -> 12 | D10: =COUNTIFS(Translations!$B$2:$B$306,B10,Translations!$J$2:$J$306,"OK") -> 0 | E10: =COUNTIFS(Translations!$B$2:$B$306,B10,Translations!$K$2:$K$306,"OK") -> 0 | F10: =COUNTIFS(Translations!$B$2:$B$306,B10,Translations!$J$2:$J$306,"Needs change")+COUNTIFS(Translations!$B$2:$B$306,B10,Translations!$K$2:$K$306,"Needs change") -> 0
B11: Mini-game names & how-to | C11: =COUNTIF(Translations!$B$2:$B$306,B11) -> 40 | D11: =COUNTIFS(Translations!$B$2:$B$306,B11,Translations!$J$2:$J$306,"OK") -> 0 | E11: =COUNTIFS(Translations!$B$2:$B$306,B11,Translations!$K$2:$K$306,"OK") -> 0 | F11: =COUNTIFS(Translations!$B$2:$B$306,B11,Translations!$J$2:$J$306,"Needs change")+COUNTIFS(Translations!$B$2:$B$306,B11,Translations!$K$2:$K$306,"Needs change") -> 0
B12: Santa's Express | C12: =COUNTIF(Translations!$B$2:$B$306,B12) -> 19 | D12: =COUNTIFS(Translations!$B$2:$B$306,B12,Translations!$J$2:$J$306,"OK") -> 0 | E12: =COUNTIFS(Translations!$B$2:$B$306,B12,Translations!$K$2:$K$306,"OK") -> 0 | F12: =COUNTIFS(Translations!$B$2:$B$306,B12,Translations!$J$2:$J$306,"Needs change")+COUNTIFS(Translations!$B$2:$B$306,B12,Translations!$K$2:$K$306,"Needs change") -> 0
B13: Snowball Showdown | C13: =COUNTIF(Translations!$B$2:$B$306,B13) -> 10 | D13: =COUNTIFS(Translations!$B$2:$B$306,B13,Translations!$J$2:$J$306,"OK") -> 0 | E13: =COUNTIFS(Translations!$B$2:$B$306,B13,Translations!$K$2:$K$306,"OK") -> 0 | F13: =COUNTIFS(Translations!$B$2:$B$306,B13,Translations!$J$2:$J$306,"Needs change")+COUNTIFS(Translations!$B$2:$B$306,B13,Translations!$K$2:$K$306,"Needs change") -> 0
B14: Server | C14: =COUNTIF(Translations!$B$2:$B$306,B14) -> 1 | D14: =COUNTIFS(Translations!$B$2:$B$306,B14,Translations!$J$2:$J$306,"OK") -> 0 | E14: =COUNTIFS(Translations!$B$2:$B$306,B14,Translations!$K$2:$K$306,"OK") -> 0 | F14: =COUNTIFS(Translations!$B$2:$B$306,B14,Translations!$J$2:$J$306,"Needs change")+COUNTIFS(Translations!$B$2:$B$306,B14,Translations!$K$2:$K$306,"Needs change") -> 0
B15: Total | C15: =SUM(C6:C14) -> 305 | D15: =SUM(D6:D14) -> 0 | E15: =SUM(E6:E14) -> 0 | F15: =SUM(F6:F14) -> 0
B17: Review progress
B18: Sinhala reviewed (OK) | C18: =IF(C15=0,0,D15/C15) -> 0
B19: Tamil reviewed (OK) | C19: =IF(C15=0,0,E15/C15) -> 0
B21: How to review
B22: • Translations sheet: one line of game text per row, English beside Sinhala and Tamil.
B23: • Set "Sinhala review" / "Tamil review" to OK or Needs change (drop-down). This table updates by itself.
B24: • Write fixes only in the yellow columns: Corrected Sinhala, Corrected Tamil and Reviewer notes.
B25: • Keep {placeholders} such as {n} or {game} exactly as they are: the game fills them in.
B26: • Keep HTML tags like <b>…</b> and <kbd>E</kbd>, emoji, ★ and key names (WASD, Space, Esc) as they are.
B27: • Form "singular" / "plural": the game picks one by the number {n}.
B28: • Example: Key "jump" reads පනින්න. If a better word fits, set Sinhala review to Needs change and type it under Corrected Sinhala.
B29: • Glossary sheet: the shared words every screen uses. Agree these first, then the rest follows.
B30: • Sinhala and Tamil columns use the Nirmala UI font (Windows). On a Mac the system picks a Sinhala/Tamil font itself.
B32: Yellow cells = for reviewers to fill in

Sheet Translations
A1: # | B1: Area | C1: Section | D1: Key | E1: Form | F1: English | G1: සිංහල Sinhala | H1: தமிழ் Tamil | I1: Placeholders | J1: Sinhala review | K1: Tamil review | L1: Corrected Sinhala | M1: Corrected Tamil | N1: Reviewer notes | O1: Source file
A2: 1 | B2: Game UI | C2: HUD | D2: hintDesktop | F2: WASD move · Mouse look · Shift sprint · Space jump · F snowball · E play · M map · C passport · L leaders · Esc settings | G2: WASD ගමන් කරන්න · මූසිකයෙන් බලන්න · Shift දුවන්න · Space පනින්න · F හිම බෝලය · E ක්‍රීඩා කරන්න · M සිතියම · C ගමන් බලපත්‍රය · L ප්‍රමුඛයෝ · Esc සැකසුම් | H2: WASD நகர · மவுஸ் பார் · Shift ஓடு · Space குதி · F பனிப்பந்து · E விளையாடு · M வரைபடம் · C கடவுச்சீட்டு · L முன்னிலை · Esc அமைப்புகள் | J2: To review | K2: To review | O2: src/i18n/ui.ts
A3: 2 | B3: Game UI | C3: HUD | D3: hintTouch | F3: Left thumb: move (push far to run) · Right thumb: look · ⤒ jump · ❄️ throw a snowball (in the snow) | G3: වම් මාපටැඟිල්ල: ගමන් කරන්න (දුවන්න දුරට තල්ලු කරන්න) · දකුණු මාපටැඟිල්ල: බලන්න · ⤒ පනින්න · ❄️ හිම බෝලයක් විසි කරන්න (හිම මත) | H3: இடது கட்டைவிரல்: நகர (ஓட தூரமாகத் தள்ளுங்கள்) · வலது கட்டைவிரல்: பார் · ⤒ குதி · ❄️ பனிப்பந்து எறி (பனியில்) | J3: To review | K3: To review | O3: src/i18n/ui.ts
A4: 3 | B4: Game UI | C4: HUD | D4: loadingWrap | F4: Wrapping presents… | G4: තෑගි ඔතමින්… | H4: பரிசுகளைப் பொதி செய்கிறோம்… | J4: To review | K4: To review | O4: src/i18n/ui.ts
A5: 4 | B5: Game UI | C5: HUD | D5: loadingPct | F5: Loading… {pct} | G5: පූරණය වෙමින්… {pct} | H5: ஏற்றுகிறது… {pct} | I5: {pct} | J5: To review | K5: To review | O5: src/i18n/ui.ts
A6: 5 | B6: Game UI | C6: HUD | D6: almostReady | F6: Almost ready… | G6: තව ටිකයි… | H6: கிட்டத்தட்ட தயார்… | J6: To review | K6: To review | O6: src/i18n/ui.ts
A7: 6 | B7: Game UI | C7: HUD | D7: titleLead | F7: The six golden ornaments of the Great Tree have been scattered across the village. Find each festive challenge, win its ornament, and light the tree before Christmas Eve. | G7: මහා ගසේ රන් සැරසිලි හයම ගම පුරා විසිරිලා. හැම උත්සව අභියෝගයක්ම සොයාගෙන, එහි සැරසිල්ල දිනලා, නත්තල් ඊවට කලින් ගස දල්වන්න. | H7: பெரிய மரத்தின் ஆறு தங்க அலங்காரப் பந்துகள் கிராமம் முழுவதும் சிதறிவிட்டன. ஒவ்வொரு பண்டிகைச் சவாலையும் கண்டுபிடித்து, அதன் அலங்காரப் பந்தை வென்று, கிறிஸ்துமஸ் ஈவுக்கு முன் மரத்தை ஒளிரச் செய்யுங்கள். | J7: To review | K7: To review | O7: src/i18n/ui.ts
A8: 7 | B8: Game UI | C8: HUD | D8: titleStats | F8: {games} challenges · {orn} ornaments found · ⭐ {stars}/18 | G8: අභියෝග {games} · සැරසිලි {orn}ක් හමුවුණා · ⭐ {stars}/18 | H8: {games} சவால்கள் · {orn} அலங்காரப் பந்துகள் கிடைத்தன · ⭐ {stars}/18 | I8: {games}, {orn}, {stars} | J8: To review | K8: To review | O8: src/i18n/ui.ts
A9: 8 | B9: Game UI | C9: HUD | D9: titleTouch | F9: Left thumb moves · right thumb looks · tap <b>▶ Play</b> at a glowing beacon | G9: වම් මාපටැඟිල්ලෙන් ගමන් කරන්න · දකුණු මාපටැඟිල්ලෙන් බලන්න · දිලිසෙන ආලෝකයක් ළඟ <b>▶ ක්‍රීඩා කරන්න</b> තට්ටු කරන්න | H9: இடது கட்டைவிரல் நகர்த்தும் · வலது கட்டைவிரல் பார்க்கும் · ஒளிரும் விளக்கின் அருகே <b>▶ விளையாடு</b> தொடுங்கள் | J9: To review | K9: To review | O9: src/i18n/ui.ts
A10: 9 | B10: Game UI | C10: HUD | D10: continue | F10: Continue | G10: දිගටම යමු | H10: தொடரவும் | J10: To review | K10: To review | O10: src/i18n/ui.ts
A11: 10 | B11: Game UI | C11: HUD | D11: startExploring | F11: Start exploring | G11: ගවේෂණය අරඹන්න | H11: ஆராயத் தொடங்கு | J11: To review | K11: To review | O11: src/i18n/ui.ts
A12: 11 | B12: Game UI | C12: HUD | D12: playChip | F12: ▶ Play | G12: ▶ ක්‍රීඩා කරන්න | H12: ▶ விளையாடு | J12: To review | K12: To review | O12: src/i18n/ui.ts
A13: 12 | B13: Game UI | C13: HUD | D13: pressE | F13: Press <kbd>E</kbd> to play {game} | G13: {game} ක්‍රීඩා කිරීමට <kbd>E</kbd> ඔබන්න | H13: {game} விளையாட <kbd>E</kbd> அழுத்துங்கள் | I13: {game} | J13: To review | K13: To review | O13: src/i18n/ui.ts
A14: 13 | B14: Game UI | C14: HUD | D14: guest | F14: Guest | G14: අමුත්තා | H14: விருந்தினர் | J14: To review | K14: To review | O14: src/i18n/ui.ts
A15: 14 | B15: Game UI | C15: HUD | D15: guestBadge | F15: Guest · open your passport | G15: අමුත්තා · ඔබේ ගමන් බලපත්‍රය විවෘත කරන්න | H15: விருந்தினர் · உங்கள் கடவுச்சீட்டைத் திறக்கவும் | J15: To review | K15: To review | O15: src/i18n/ui.ts
A16: 15 | B16: Game UI | C16: HUD | D16: mapTitle | F16: Map of Frostvale | G16: ෆ්‍රොස්ට්වේල් සිතියම | H16: ஃப்ராஸ்ட்வேல் வரைபடம் | J16: To review | K16: To review | O16: src/i18n/ui.ts
A17: 16 | B17: Game UI | C17: HUD | D17: greatTree | F17: Great Tree | G17: මහා ගස | H17: பெரிய மரம் | J17: To review | K17: To review | O17: src/i18n/ui.ts
A18: 17 | B18: Game UI | C18: HUD | D18: mapCloseTouch | F18: Tap anywhere to close | G18: වසා දැමීමට ඕනෑම තැනක තට්ටු කරන්න | H18: மூட எங்காவது தொடுங்கள் | J18: To review | K18: To review | O18: src/i18n/ui.ts
A19: 18 | B19: Game UI | C19: HUD | D19: mapCloseDesk | F19: M or click to close | G19: වසා දැමීමට M හෝ ක්ලික් කරන්න | H19: மூட M அல்லது கிளிக் செய்யுங்கள் | J19: To review | K19: To review | O19: src/i18n/ui.ts
A20: 19 | B20: Game UI | C20: HUD | D20: bestStars | F20: best: {stars} | G20: හොඳම: {stars} | H20: சிறந்தது: {stars} | I20: {stars} | J20: To review | K20: To review | O20: src/i18n/ui.ts
A21: 20 | B21: Game UI | C21: HUD | D21: noStars | F21: no stars yet | G21: තවම තරු නැහැ | H21: இன்னும் நட்சத்திரம் இல்லை | J21: To review | K21: To review | O21: src/i18n/ui.ts
A22: 21 | B22: Game UI | C22: HUD | D22: notNow | F22: Not now | G22: දැන් නොවේ | H22: இப்போது இல்லை | J22: To review | K22: To review | O22: src/i18n/ui.ts
A23: 22 | B23: Game UI | C23: HUD | D23: playBang | F23: Play! | G23: ක්‍රීඩා කරමු! | H23: விளையாடு! | J23: To review | K23: To review | O23: src/i18n/ui.ts
A24: 23 | B24: Game UI | C24: HUD | D24: elvesBuilding | F24: 🧝 The elves are still building this one — check back soon! | G24: 🧝 එල්ෆ්ලා තවම මේක හදනවා — ඉක්මනින් ආයෙත් බලන්න! | H24: 🧝 எல்ஃப்கள் இதை இன்னும் உருவாக்குகிறார்கள் — விரைவில் மீண்டும் பாருங்கள்! | J24: To review | K24: To review | O24: src/i18n/ui.ts
A25: 24 | B25: Game UI | C25: HUD | D25: ok | F25: OK | G25: හරි | H25: சரி | J25: To review | K25: To review | O25: src/i18n/ui.ts
A26: 25 | B26: Game UI | C26: HUD | D26: score | F26: Score: <b>{score}</b> | G26: ලකුණු: <b>{score}</b> | H26: புள்ளிகள்: <b>{score}</b> | I26: {score} | J26: To review | K26: To review | O26: src/i18n/ui.ts
A27: 26 | B27: Game UI | C27: HUD | D27: earnedOrnament | F27: 🟡 You earned a golden ornament! | G27: 🟡 ඔබ රන් සැරසිල්ලක් දිනුවා! | H27: 🟡 நீங்கள் ஒரு தங்க அலங்காரப் பந்தை வென்றீர்கள்! | J27: To review | K27: To review | O27: src/i18n/ui.ts
A28: 27 | B28: Game UI | C28: HUD | D28: needStar | F28: Get at least one star to earn the ornament. | G28: සැරසිල්ල දිනන්න අඩුම තරම තරුවක්වත් ගන්න. | H28: அலங்காரப் பந்தை வெல்ல குறைந்தது ஒரு நட்சத்திரம் பெறுங்கள். | J28: To review | K28: To review | O28: src/i18n/ui.ts
A29: 28 | B29: Game UI | C29: HUD | D29: backToFrostvale | F29: Back to Frostvale | G29: ෆ්‍රොස්ට්වේල් වෙත ආපසු | H29: ஃப்ராஸ்ட்வேலுக்குத் திரும்பு | J29: To review | K29: To review | O29: src/i18n/ui.ts
A30: 29 | B30: Game UI | C30: HUD | D30: leaveGameAria | F30: Leave game | G30: ක්‍රීඩාවෙන් ඉවත් වන්න | H30: விளையாட்டை விட்டு வெளியேறு | J30: To review | K30: To review | O30: src/i18n/ui.ts
A31: 30 | B31: Game UI | C31: HUD | D31: passportAria | F31: Your passport | G31: ඔබේ ගමන් බලපත්‍රය | H31: உங்கள் கடவுச்சீட்டு | J31: To review | K31: To review | O31: src/i18n/ui.ts
A32: 31 | B32: Game UI | C32: HUD | D32: growingForest | F32: Growing the forest… | G32: වනාන්තරය වවමින්… | H32: காட்டை வளர்க்கிறோம்… | J32: To review | K32: To review | O32: src/i18n/ui.ts
A33: 32 | B33: Game UI | C33: HUD | D33: decorating | F33: Decorating the village… | G33: ගම සරසමින්… | H33: கிராமத்தை அலங்கரிக்கிறோம்… | J33: To review | K33: To review | O33: src/i18n/ui.ts
A34: 33 | B34: Game UI | C34: Touch buttons | D34: jump | F34: JUMP | G34: පනින්න | H34: குதி | J34: To review | K34: To review | O34: src/i18n/ui.ts
A35: 34 | B35: Game UI | C35: Touch buttons | D35: throw | F35: THROW | G35: විසි කරන්න | H35: எறி | J35: To review | K35: To review | O35: src/i18n/ui.ts
A36: 35 | B36: Game UI | C36: Touch buttons | D36: jumpAria | F36: Jump | G36: පනින්න | H36: குதி | J36: To review | K36: To review | O36: src/i18n/ui.ts
A37: 36 | B37: Game UI | C37: Touch buttons | D37: snowballAria | F37: Snowball | G37: හිම බෝලය | H37: பனிப்பந்து | J37: To review | K37: To review | O37: src/i18n/ui.ts
A38: 37 | B38: Game UI | C38: Touch buttons | D38: mapAria | F38: Map | G38: සිතියම | H38: வரைபடம் | J38: To review | K38: To review | O38: src/i18n/ui.ts
... A44: 43 | B44: Game UI | C44: Mini-game frame | D44: leave | F44: Leave | G44: ඉවත් වන්න | H44: வெளியேறு | J44: To review | K44: To review | O44: src/i18n/ui.ts
A45: 44 | B45: Game UI | C45: Toasts | D45: ornamentHung | F45: 🟡 {game} ornament hung on the Great Tree! ({n}/6) | G45: 🟡 {game} සැරසිල්ල මහා ගසේ එල්ලුවා! ({n}/6) | H45: 🟡 {game} அலங்காரப் பந்து பெரிய மரத்தில் தொங்கவிடப்பட்டது! ({n}/6) | I45: {game}, {n} | J45: To review | K45: To review | O45: src/i18n/ui.ts
A46: 45 | B46: Game UI | C46: Toasts | D46: finale | F46: 🎄 The Great Tree is lit! Merry Christmas, Frostvale! 🎆 | G46: 🎄 මහා ගස දැල්වුණා! සුබ නත්තලක්, ෆ්‍රොස්ට්වේල්! 🎆 | H46: 🎄 பெரிய மரம் ஒளிர்கிறது! இனிய கிறிஸ்துமஸ், ஃப்ராஸ்ட்வேல்! 🎆 | J46: To review | K46: To review | O46: src/i18n/ui.ts
A47: 46 | B47: Game UI | C47: Toasts | D47: discovered | F47: ✨ Discovered: {game} | G47: ✨ සොයාගත්තා: {game} | H47: ✨ கண்டுபிடிக்கப்பட்டது: {game} | I47: {game} | J47: To review | K47: To review | O47: src/i18n/ui.ts
A48: 47 | B48: Game UI | C48: Toasts | D48: noSnow | F48: 🛣️ No snow on the road. Step onto the snow to make a snowball! | G48: 🛣️ පාරේ හිම නැහැ. හිම බෝලයක් හදන්න හිම මතට යන්න! | H48: 🛣️ சாலையில் பனி இல்லை. பனிப்பந்து செய்ய பனியின் மேல் செல்லுங்கள்! | J48: To review | K48: To review | O48: src/i18n/ui.ts
A49: 48 | B49: Game UI | C49: Toasts | D49: gotYou | F49: ❄️ {name} got you! | G49: ❄️ {name} ඔබට වැද්දුවා! | H49: ❄️ {name} உங்களை அடித்தார்! | I49: {name} | J49: To review | K49: To review | O49: src/i18n/ui.ts
A50: 49 | B50: Game UI | C50: Toasts | D50: youHit | F50: 🎯 You hit {name}! | G50: 🎯 ඔබ {name}ට වැද්දුවා! | H50: 🎯 நீங்கள் {name}ஐ அடித்தீர்கள்! | I50: {name} | J50: To review | K50: To review | O50: src/i18n/ui.ts
A51: 50 | B51: Game UI | C51: Toasts | D51: someone | F51: Someone | G51: කවුරුහරි | H51: யாரோ | J51: To review | K51: To review | O51: src/i18n/ui.ts
A52: 51 | B52: Game UI | C52: Toasts | D52: offline | F52: 📴 Online play is unavailable right now, playing offline. | G52: 📴 දැන් සබැඳි ක්‍රීඩාව නැහැ, නොබැඳිව ක්‍රීඩා කරනවා. | H52: 📴 இப்போது இணைய விளையாட்டு இல்லை, ஆஃப்லைனில் விளையாடுகிறோம். | J52: To review | K52: To review | O52: src/i18n/ui.ts
A53: 52 | B53: Game UI | C53: Toasts | D53: welcome | F53: 👋 Welcome, {name}! | G53: 👋 ආයුබෝවන්, {name}! | H53: 👋 வணக்கம், {name}! | I53: {name} | J53: To review | K53: To review | O53: src/i18n/ui.ts
A54: 53 | B54: Game UI | C54: Account | D54: joinTitle | F54: ❄️ Join Frostvale | G54: ❄️ ෆ්‍රොස්ට්වේල් හා එක්වන්න | H54: ❄️ ஃப்ராஸ்ட்வேலில் சேருங்கள் | J54: To review | K54: To review | O54: src/i18n/ui.ts
A55: 54 | B55: Game UI | C55: Account | D55: tabSignIn | F55: Sign in | G55: පිවිසෙන්න | H55: உள்நுழை | J55: To review | K55: To review | O55: src/i18n/ui.ts
A56: 55 | B56: Game UI | C56: Account | D56: tabCreate | F56: Create account | G56: ගිණුමක් සාදන්න | H56: கணக்கை உருவாக்கு | J56: To review | K56: To review | O56: src/i18n/ui.ts
A57: 56 | B57: Game UI | C57: Account | D57: username | F57: Username | G57: පරිශීලක නාමය | H57: பயனர் பெயர் | J57: To review | K57: To review | O57: src/i18n/ui.ts
A58: 57 | B58: Game UI | C58: Account | D58: email | F58: Email | G58: ඊමේල් | H58: மின்னஞ்சல் | J58: To review | K58: To review | O58: src/i18n/ui.ts
A59: 58 | B59: Game UI | C59: Account | D59: password | F59: Password | G59: මුරපදය | H59: கடவுச்சொல் | J59: To review | K59: To review | O59: src/i18n/ui.ts
A60: 59 | B60: Game UI | C60: Account | D60: passwordHint | F60: At least 8 characters | G60: අඩුම තරමින් අකුරු 8ක් | H60: குறைந்தது 8 எழுத்துகள் | J60: To review | K60: To review | O60: src/i18n/ui.ts
A61: 60 | B61: Game UI | C61: Account | D61: playOffline | F61: Play offline | G61: නොබැඳිව ක්‍රීඩා කරන්න | H61: ஆஃப்லைனில் விளையாடு | J61: To review | K61: To review | O61: src/i18n/ui.ts
A62: 61 | B62: Game UI | C62: Account | D62: smsInfo | F62: We'll text you a 6-digit code. | G62: අපි ඔබට ඉලක්කම් 6ක කේතයක් SMS කරනවා. | H62: உங்களுக்கு 6 இலக்கக் குறியீட்டை SMS அனுப்புவோம். | J62: To review | K62: To review | O62: src/i18n/ui.ts
A63: 62 | B63: Game UI | C63: Account | D63: phone | F63: Phone number | G63: දුරකථන අංකය | H63: தொலைபேசி எண் | J63: To review | K63: To review | O63: src/i18n/ui.ts
A64: 63 | B64: Game UI | C64: Account | D64: code | F64: Code | G64: කේතය | H64: குறியீடு | J64: To review | K64: To review | O64: src/i18n/ui.ts
A65: 64 | B65: Game UI | C65: Account | D65: sendCode | F65: Send code | G65: කේතය යවන්න | H65: குறியீட்டை அனுப்பு | J65: To review | K65: To review | O65: src/i18n/ui.ts
... A110: 109 | B110: Game UI | C110: Passport | D110: guestLine | F110: Your progress lives on this device only. | G110: ඔබේ ප්‍රගතිය මේ උපාංගයේ පමණයි. | H110: உங்கள் முன்னேற்றம் இந்தச் சாதனத்தில் மட்டுமே உள்ளது. | J110: To review | K110: To review | O110: src/i18n/ui.ts
A111: 110 | B111: Game UI | C111: Passport | D111: resident | F111: Resident since {date} | G111: {date} සිට පදිංචිකරු | H111: {date} முதல் குடியிருப்பாளர் | I111: {date} | J111: To review | K111: To review | O111: src/i18n/ui.ts
A112: 111 | B112: Game UI | C112: Passport | D112: rank | F112: #{rank} in Frostvale | G112: ෆ්‍රොස්ට්වේල්හි #{rank} | H112: ஃப்ராஸ்ட்வேலில் #{rank} | I112: {rank} | J112: To review | K112: To review | O112: src/i18n/ui.ts
A113: 112 | B113: Game UI | C113: Passport | D113: toNext | E113: singular | F113: {n} ⭐ to <b>{title}</b> | G113: <b>{title}</b> වෙන්න ⭐ {n}ක් | H113: <b>{title}</b> ஆக இன்னும் {n} ⭐ | I113: {n}, {title} | J113: To review | K113: To review | O113: src/i18n/ui.ts
A114: 113 | B114: Game UI | C114: Passport | D114: toNext | E114: plural | F114: {n} ⭐ to <b>{title}</b> | G114: <b>{title}</b> වෙන්න ⭐ {n}ක් | H114: <b>{title}</b> ஆக இன்னும் {n} ⭐ | I114: {n}, {title} | J114: To review | K114: To review | O114: src/i18n/ui.ts
A115: 114 | B115: Game UI | C115: Passport | D115: allStars | F115: Every star in Frostvale is yours. 🎄 | G115: ෆ්‍රොස්ට්වේල්හි හැම තරුවක්ම ඔබේ. 🎄 | H115: ஃப்ராஸ்ட்வேலின் ஒவ்வொரு நட்சத்திரமும் உங்களுடையது. 🎄 | J115: To review | K115: To review | O115: src/i18n/ui.ts
A116: 115 | B116: Game UI | C116: Passport | D116: stamps | F116: Stamps | G116: මුද්‍රා | H116: முத்திரைகள் | J116: To review | K116: To review | O116: src/i18n/ui.ts
A117: 116 | B117: Game UI | C117: Passport | D117: record | F117: Snowball record | G117: හිම බෝල වාර්තාව | H117: பனிப்பந்து பதிவு | J117: To review | K117: To review | O117: src/i18n/ui.ts
A118: 117 | B118: Game UI | C118: Passport | D118: hits | F118: Hits | G118: වැදීම් | H118: அடிகள் | J118: To review | K118: To review | O118: src/i18n/ui.ts
A119: 118 | B119: Game UI | C119: Passport | D119: splatted | F119: Splatted | G119: වැදුණු වාර | H119: அடிபட்டது | J119: To review | K119: To review | O119: src/i18n/ui.ts
A120: 119 | B120: Game UI | C120: Passport | D120: ratio | F120: Hits per splat | G120: වාරයකට වැදීම් | H120: ஒரு அடிக்கு அடிகள் | J120: To review | K120: To review | O120: src/i18n/ui.ts
A121: 120 | B121: Game UI | C121: Passport | D121: inviteServer | F121: Sign in to keep your passport safe, play with friends and get on the leaderboard. | G121: ඔබේ ගමන් බලපත්‍රය සුරක්ෂිතව තබාගන්න, යාළුවෝ එක්ක ක්‍රීඩා කරන්න සහ ප්‍රමුඛ ලැයිස්තුවට එන්න පිවිසෙන්න. | H121: உங்கள் கடவுச்சீட்டைப் பாதுகாக்கவும், நண்பர்களுடன் விளையாடவும், முன்னிலை பட்டியலில் இடம்பெறவும் உள்நுழையுங்கள். | J121: To review | K121: To review | O121: src/i18n/ui.ts
A122: 121 | B122: Game UI | C122: Passport | D122: inviteOffline | F122: Online play is unavailable right now. Your stamps are saved on this device. | G122: දැන් සබැඳි ක්‍රීඩාව නැහැ. ඔබේ මුද්‍රා මේ උපාංගයේ සුරැකිලා. | H122: இப்போது இணைய விளையாட்டு இல்லை. உங்கள் முத்திரைகள் இந்தச் சாதனத்தில் சேமிக்கப்பட்டுள்ளன. | J122: To review | K122: To review | O122: src/i18n/ui.ts
A123: 122 | B123: Game UI | C123: Passport | D123: changeAdventurer | F123: 🎭 Change adventurer | G123: 🎭 වීරයා මාරු කරන්න | H123: 🎭 சாகசக்காரரை மாற்று | J123: To review | K123: To review | O123: src/i18n/ui.ts
A124: 123 | B124: Game UI | C124: Passport | D124: signOut | F124: Sign out | G124: ඉවත් වන්න | H124: வெளியேறு | J124: To review | K124: To review | O124: src/i18n/ui.ts
A125: 124 | B125: Game UI | C125: Passport | D125: signOutConfirm | F125: Tap again to sign out | G125: ඉවත් වීමට නැවත තට්ටු කරන්න | H125: வெளியேற மீண்டும் தொடுங்கள் | J125: To review | K125: To review | O125: src/i18n/ui.ts
A126: 125 | B126: Game UI | C126: Passport | D126: signInChip | F126: ✨ Sign in | G126: ✨ පිවිසෙන්න | H126: ✨ உள்நுழை | J126: To review | K126: To review | O126: src/i18n/ui.ts
... A129: 128 | B129: Game UI | C129: Passport | D129: stampNotVisited | F129: Not visited | G129: තවම ගිහින් නැහැ | H129: இன்னும் செல்லவில்லை | J129: To review | K129: To review | O129: src/i18n/ui.ts
A130: 129 | B130: Game UI | C130: Passport | D130: stampBest | F130: Best {n} | G130: හොඳම {n} | H130: சிறந்தது {n} | I130: {n} | J130: To review | K130: To review | O130: src/i18n/ui.ts
A131: 130 | B131: Game UI | C131: Passport | D131: tapMe | F131: Tap me! | G131: මාව තට්ටු කරන්න! | H131: என்னைத் தொடுங்கள்! | J131: To review | K131: To review | O131: src/i18n/ui.ts
A132: 131 | B132: Game UI | C132: Passport | D132: adventurer | F132: Adventurer | G132: වීරයා | H132: சாகசக்காரர் | J132: To review | K132: To review | O132: src/i18n/ui.ts
A133: 132 | B133: Game UI | C133: Leaders | D133: hallOfFame | F133: Hall of Fame | G133: කීර්ති ශාලාව | H133: புகழ் மண்டபம் | J133: To review | K133: To review | O133: src/i18n/ui.ts
A134: 133 | B134: Game UI | C134: Leaders | D134: boardStars | F134: Stars & ornaments | G134: තරු සහ සැරසිලි | H134: நட்சத்திரங்களும் அலங்காரப் பந்துகளும் | J134: To review | K134: To review | O134: src/i18n/ui.ts
A135: 134 | B135: Game UI | C135: Leaders | D135: boardStarsTitle | F135: Most stars, then most ornaments | G135: වැඩිම තරු, ඊට පස්සේ වැඩිම සැරසිලි | H135: அதிக நட்சத்திரங்கள், பிறகு அதிக அலங்காரப் பந்துகள் | J135: To review | K135: To review | O135: src/i18n/ui.ts
A136: 135 | B136: Game UI | C136: Leaders | D136: boardGameTitle | F136: {game} · best score | G136: {game} · හොඳම ලකුණු | H136: {game} · சிறந்த புள்ளிகள் | I136: {game} | J136: To review | K136: To review | O136: src/i18n/ui.ts
A137: 136 | B137: Game UI | C137: Leaders | D137: signInToSee | F137: Sign in to see the leaderboard and get your name in it. | G137: ප්‍රමුඛ ලැයිස්තුව බලන්න සහ ඔබේ නම එහි දාන්න පිවිසෙන්න. | H137: முன்னிலை பட்டியலைப் பார்க்கவும் அதில் உங்கள் பெயரைச் சேர்க்கவும் உள்நுழையுங்கள். | J137: To review | K137: To review | O137: src/i18n/ui.ts
A138: 137 | B138: Game UI | C138: Leaders | D138: turningPages | F138: Turning the pages… | G138: පිටු පෙරළමින්… | H138: பக்கங்களைப் புரட்டுகிறோம்… | J138: To review | K138: To review | O138: src/i18n/ui.ts
A139: 138 | B139: Game UI | C139: Leaders | D139: youRank | F139: You: #{rank} | G139: ඔබ: #{rank} | H139: நீங்கள்: #{rank} | I139: {rank} | J139: To review | K139: To review | O139: src/i18n/ui.ts
A140: 139 | B140: Game UI | C140: Leaders | D140: noScores | F140: No scores yet. Be the first name in the book! | G140: තවම ලකුණු නැහැ. පොතේ පළමු නම ඔබේ වෙන්න! | H140: இன்னும் புள்ளிகள் இல்லை. புத்தகத்தின் முதல் பெயராக இருங்கள்! | J140: To review | K140: To review | O140: src/i18n/ui.ts
A141: 140 | B141: Game UI | C141: Settings | D141: prefs | F141: Travel preferences | G141: ගමන් මනාපයන් | H141: பயண விருப்பங்கள் | J141: To review | K141: To review | O141: src/i18n/ui.ts
A142: 141 | B142: Game UI | C142: Settings | D142: graphics | F142: 🖼️ Graphics | G142: 🖼️ රූප | H142: 🖼️ வரைகலை | J142: To review | K142: To review | O142: src/i18n/ui.ts
A143: 142 | B143: Game UI | C143: Settings | D143: fast | F143: Fast | G143: වේගවත් | H143: வேகம் | J143: To review | K143: To review | O143: src/i18n/ui.ts
A144: 143 | B144: Game UI | C144: Settings | D144: balanced | F144: Balanced | G144: සමබර | H144: சமநிலை | J144: To review | K144: To review | O144: src/i18n/ui.ts
A145: 144 | B145: Game UI | C145: Settings | D145: pretty | F145: Pretty | G145: ලස්සන | H145: அழகு | J145: To review | K145: To review | O145: src/i18n/ui.ts
A146: 145 | B146: Game UI | C146: Settings | D146: world | F146: 🌗 World | G146: 🌗 ලෝකය | H146: 🌗 உலகம் | J146: To review | K146: To review | O146: src/i18n/ui.ts
A147: 146 | B147: Game UI | C147: Settings | D147: dayNight | F147: Day &amp; night | G147: දිවා සහ රාත්‍රී | H147: பகல் &amp; இரவு | J147: To review | K147: To review | O147: src/i18n/ui.ts
A148: 147 | B148: Game UI | C148: Settings | D148: sound | F148: 🔔 Sound | G148: 🔔 ශබ්දය | H148: 🔔 ஒலி | J148: To review | K148: To review | O148: src/i18n/ui.ts
A149: 148 | B149: Game UI | C149: Settings | D149: music | F149: 🎵 Music | G149: 🎵 සංගීතය | H149: 🎵 இசை | J149: To review | K149: To review | O149: src/i18n/ui.ts
A150: 149 | B150: Game UI | C150: Settings | D150: effects | F150: ✨ Effects | G150: ✨ ශබ්ද ප්‍රයෝග | H150: ✨ ஒலி விளைவுகள் | J150: To review | K150: To review | O150: src/i18n/ui.ts
A151: 150 | B151: Game UI | C151: Settings | D151: volume | F151: 🔊 Volume | G151: 🔊 හඬ | H151: 🔊 ஒலியளவு | J151: To review | K151: To review | O151: src/i18n/ui.ts
...

Sheet Glossary
A1: Group | B1: English | C1: සිංහල Sinhala | D1: தமிழ் Tamil | E1: Sinhala review | F1: Tamil review | G1: Reviewer notes
A2: Shared terms | B2: Frostvale (in sentences) | C2: ෆ්‍රොස්ට්වේල් | D2: ஃப்ராஸ்ட்வேல் | E2: To review | F2: To review
A3: Shared terms | B3: ornament (Christmas tree bauble) | C3: සැරසිල්ල | D3: அலங்காரப் பந்து | E3: To review | F3: To review
A4: Shared terms | B4: star (rating) | C4: තරුව | D4: நட்சத்திரம் | E4: To review | F4: To review
A5: Shared terms | B5: snowball | C5: හිම බෝලය | D5: பனிப்பந்து | E5: To review | F5: To review
A6: Shared terms | B6: snowman | C6: හිම මිනිසා | D6: பனிமனிதன் | E6: To review | F6: To review
A7: Shared terms | B7: present / gift | C7: තෑග්ග | D7: பரிசு | E7: To review | F7: To review
A8: Shared terms | B8: elf | C8: එල්ෆ් | D8: எல்ஃப் | E8: To review | F8: To review
A9: Shared terms | B9: Santa | C9: සැන්ටා | D9: சாண்டா | E9: To review | F9: To review
A10: Shared terms | B10: Krampus | C10: ක්‍රැම්පස් | D10: க்ராம்பஸ் | E10: To review | F10: To review
A11: Shared terms | B11: cookie | C11: කුකී | D11: குக்கீ | E11: To review | F11: To review
A12: Shared terms | B12: coal | C12: අඟුරු | D12: கரி | E12: To review | F12: To review
A13: Shared terms | B13: toy | C13: සෙල්ලම් බඩුව | D13: பொம்மை | E13: To review | F13: To review
... A32: Mini-game names | B32: Advent Dice Race | C32: ඇඩ්වෙන්ට් දාදු තරඟය | D32: அட்வென்ட் பகடை பந்தயம் | E32: To review | F32: To review
